	goRt_stopStim	goRt_goStim	SSRT	signalRespondRT	pSignalRespond	pCorrectGo_all	pSignalRespond_omissionCorrected	pCorrectGo_stopStim	meanSSD	omissionRate
study-1	0.6272781644549144	0.6103429430060555	0.21194035508701264	0.5091465173982941	0.4857142857142857	0.9944444444444445	0.4722222222222222	0.9722222222222222	0.3976584518394444	0.027777777777777776
